id,fold
1381,3
1383,2
1387,1
1394,1
1395,1
1399,2
1404,1
1405,1
1406,1
1408,1
1412,2
1414,2
1415,2
1416,1
1418,3
1419,2
1423,2
1424,2
1437,3
1441,3
1447,1
1458,1
1468,1
1472,1
1474,3
1478,1
1481,3
1489,3
1493,1
1505,1
1507,2
1511,2
1512,2
1513,2
1514,3
1517,3
1518,3
1520,3
1523,2
1529,1
1533,2
1544,3
1546,2
1554,2
1556,1
1572,1
1574,2
1581,3
1588,1
1593,2
1595,1
1604,1
1609,2
1613,3
1625,1
1628,2
1639,3
1643,1
1645,3
1646,2
1650,2
1652,1
1654,2
1659,1
1662,3
1674,3
1675,1
1680,2
1685,1
1688,2
1697,3
1707,1
1712,2
1715,3
1719,1
1723,3
1725,1
1732,2
1738,1
1743,3
1751,1
1752,1
1754,2
1759,2
1771,2
1775,2
1778,1
1779,1
1786,1
1790,3
1799,2
1800,2
1802,2
1810,2
1812,2
1814,1
1819,1
1826,1
1831,1
1845,2
1851,2
1865,2
1874,2
1878,3
1885,1
1887,3
1888,1
1894,1
1903,1
1917,2
1920,2
1922,1
1926,2
1927,3
1936,3
1944,3
1953,2
1956,1
1958,2
1962,1
1965,3
1978,1
1982,3
1989,1
1992,1
1993,2
2000,2
2001,1
2002,3
2003,1
2004,1
2008,1
2009,3
2011,1
2024,3
2027,3
2032,3
2033,1
2038,3
2040,3
2044,1
2046,1
2049,3
2052,2
2058,1
2075,2
2078,2
2085,3
2097,1
2099,1
2100,3
2101,2
2111,1
2115,2
2117,3
2122,1
2129,3
2133,3
2135,2
2145,3
2150,3
2154,2
2155,1
2159,1
2162,2
2168,2
2181,1
2182,3
2183,1
2196,1
2197,1
2202,1
2204,2
2205,1
2209,2
2213,2
2222,3
2223,3
2225,1
2227,1
2228,1
2230,2
2243,2
2255,3
2268,2
2273,2
2277,2
2282,2
2283,1
2290,2
2296,2
2300,2
2303,3
2310,2
2319,3
2321,2
2322,1
2331,2
2333,2
2336,1
2339,2
2341,1
2351,2
2352,3
2354,2
2363,3
2365,2
2371,1
2374,1
2383,1
2391,3
2394,3
2395,1
2405,2
2407,3
2411,1
2414,1
2424,1
2432,3
2436,3
2442,3
2446,3
2447,3
2449,2
2452,1
2455,3
2460,3
2461,3
2466,1
2468,1
2485,2
2496,1
2498,2
2499,2
2500,2
2506,3
2508,3
2509,1
2512,3
2520,3
2527,3
2529,3
2530,3
2534,3
2535,1
2538,3
2540,3
2541,1
2545,1
2564,3
2574,1
2575,3
2582,1
2583,1
2590,1
2594,2
2598,2
2607,2
2617,2
2624,2
2627,3
2631,2
2633,1
2635,1
2636,2
2638,1
2639,1
2644,3
2645,1
2651,2
2660,2
2663,3
2669,2
2677,3
2681,1
2682,3
2690,1
2694,2
2696,3
2697,2
2699,1
2707,2
2719,3
2729,2
2733,3
2734,1
2735,2
2737,1
2738,1
2740,2
2741,1
2744,2
2746,2
2747,2
2748,2
2749,1
2750,1
2753,1
2754,3
2755,2
2756,1
2767,2
2769,3
2771,1
2772,2
2780,2
2781,3
2789,3
2797,3
2801,2
2828,1
2832,2
2837,1
2854,1
2857,2
2859,2
2866,1
2868,1
2883,1
2888,2
2892,2
2894,2
2896,1
2898,1
2907,3
2920,1
2922,3
2923,1
2925,3
2936,1
2939,3
2943,2
2947,2
2948,3
2950,3
2952,2
2954,3
2955,1
2974,1
2975,2
2978,1
2991,3
3000,2
3011,3
3018,1
3020,3
3021,2
3022,1
3029,3
3038,3
3040,1
3054,2
3057,2
3060,1
3066,2
3068,3
3072,3
3079,3
3084,2
3085,1
3091,3
3092,2
3111,3
3116,1
3118,1
3120,3
3123,3
3125,2
3141,1
3147,1
3150,3
3151,1
3153,1
3160,2
3163,2
3167,2
3169,2
3172,2
3173,1
3176,2
3183,3
3194,3
3198,1
3206,2
3214,2
3218,3
3223,2
3225,3
3229,1
3239,3
3241,3
3244,3
3268,3
3272,3
3274,2
3275,1
3283,3
3288,3
3312,3
3327,3
3331,1
3334,3
3335,2
3337,2
3339,1
3342,1
3347,2
3351,1
3352,2
3357,1
3365,3
3373,1
3374,2
3376,2
3377,2
3379,2
3381,3
3389,1
3396,3
3398,2
3405,2
3410,3
3415,2
3420,2
3421,2
3425,2
3431,3
3443,2
3447,3
3455,2
3459,3
3460,2
3468,1
3479,3
3481,2
3485,2
3497,1
3507,3
3509,2
3510,3
3511,2
3517,1
3519,2
3521,1
3530,3
3533,1
3534,1
3541,3
3542,3
3546,3
3549,1
3550,2
3555,3
3561,3
3567,1
3569,2
3571,3
3573,2
3574,3
3576,2
3580,1
3582,2
3583,3
3587,3
3592,2
3593,1
3594,1
3600,3
3602,2
3612,2
3618,3
3628,2
3636,3
3638,2
3639,2
3645,1
3661,2
3663,2
3664,1
3674,1
3679,3
3681,2
3687,1
3689,2
3690,2
3694,2
3696,3
3701,1
3710,2
3714,2
3715,2
3721,1
3724,2
3734,3
3737,1
3738,1
3743,1
3748,1
3753,2
3754,3
3760,3
3766,2
3768,2
3770,2
3778,1
3788,2
3790,3
3791,3
3792,3
3794,3
3797,3
3799,1
3800,2
3805,2
3809,1
3824,3
3830,1
3839,2
3844,2
3846,1
3856,3
3861,3
3865,2
3873,3
3876,3
3880,1
3884,2
3889,1
3896,1
3902,1
3906,3
3908,3
3916,1
3918,3
3919,1
3933,3
3936,1
3938,3
3940,3
3950,1
3951,1
3959,1
3961,2
3968,3
3970,2
3973,3
3974,1
3977,2
3979,3
3983,1
3985,2
4002,1
4003,2
4005,3
4007,3
4011,3
4013,2
4014,2
4020,2
4045,1
4059,3
4065,1
4073,1
4074,3
4078,3
4101,2
4105,1
4106,3
4114,1
4121,1
4138,1
4144,1
4151,2
4153,2
4154,1
4157,1
4165,1
4166,3
4167,3
4172,2
4173,1
4175,2
4180,3
4182,1
4185,1
4186,3
4189,2
4193,1
4196,1
4199,2
4200,2
4212,2
4220,1
4221,1
4222,3
4223,2
4224,3
4227,3
4233,3
4235,1
4244,3
4245,3
4253,3
4255,1
4262,1
4265,3
4268,3
4282,3
4285,3
4289,1
4291,2
4293,3
4298,2
4306,3
4326,3
4327,1
4328,2
4329,1
4344,3
4354,2
4566,1
4577,3
4578,3
4582,1
4587,2
4590,2
4595,2
4603,3
4604,3
4605,2
4607,2
4615,2
4631,2
4645,3
4648,2
4671,2
4672,1
4679,1
4680,2
4690,2
4691,1
4692,2
4694,1
4707,2
4709,1
4711,3
4718,1
4719,3
4727,3
4728,2
4737,2
4743,1
4746,1
4748,3
4752,3
4769,1
4777,2
4779,3
4794,1
4801,1
4804,3
4815,2
4819,3
4820,1
4822,1
4827,3
4828,3
4832,1
4835,1
4836,3
4839,2
4842,3
4844,2
4846,2
4859,3
4869,3
4871,1
4873,1
4875,3
4877,2
4880,1
4883,3
4890,3
4894,3
4896,1
4902,3
4903,3
4904,3
4905,3
4917,1
4921,3
4933,2
4934,1
4936,3
4941,1
4947,1
4953,1
4954,2
4958,1
4959,2
4960,2
4961,1
4965,2
4969,1
4980,3
4992,1
4993,3
5006,2
5012,1
5013,3
5021,3
5022,3
5029,3
5038,1
5047,3
5053,1
5055,2
5070,1
5080,2
5090,1
5096,2
5098,3
5100,1
5101,1
5110,1
5115,2
5118,3
5121,1
5124,1
5129,3
5132,2
5133,2
5134,1
5144,1
5154,2
5156,1
5157,1
5158,2
5159,1
5163,2
5165,1
5170,3
5181,2
5186,3
5192,2
5197,3
5198,2
5199,2
5202,3
5206,1
5209,2
5213,3
5216,1
5224,2
5228,1
5232,1
5236,2
5237,3
5245,3
5247,3
5254,2
5275,3
5276,2
5278,2
5287,1
5289,3
5297,1
5311,1
5315,3
5320,1
5322,3
5331,3
5334,2
5335,2
5338,2
5340,3
5341,3
5343,2
5345,3
5351,2
5358,2
5362,2
5364,2
5368,2
5375,2
5377,3
5383,3
5387,1
5402,2
5407,1
5415,1
5418,2
5422,3
5423,3
5426,3
5427,1
5428,2
5432,2
5434,2
5436,3
5437,3
5438,1
5466,1
5472,1
5481,2
5482,3
5486,1
5493,1
5500,2
5502,2
5508,1
5510,2
5518,1
5528,1
5536,1
5539,2
5540,3
5555,2
5559,3
5561,3
5563,3
5567,2
5570,2
5575,1
5577,3
5578,1
5579,3
5588,1
5589,1
5591,3
5593,3
5595,1
5601,2
5603,3
5611,3
5616,2
5642,1
5643,1
5649,1
5650,1
5656,3
5658,3
5666,2
5688,2
5698,3
5700,1
5701,2
5725,2
5740,1
5743,1
5744,1
5750,1
5751,2
5759,1
5761,2
5768,3
5769,3
5773,3
5776,3
5780,1
5783,2
5786,3
5788,3
5790,3
5792,3
5794,2
5797,2
5800,3
5805,1
5806,3
5807,3
5811,2
5814,2
5826,2
5831,1
5835,3
5838,2
5840,1
5848,2
5852,3
5854,1
5862,1
5866,1
5877,2
5881,1
5882,2
5887,2
5889,3
5894,3
5896,2
5899,1
5908,3
5910,3
5912,2
5913,3
5919,3
5932,3
5941,1
5942,1
5947,3
5948,1
5950,1
5955,3
5960,2
5967,1
5974,1
5975,1
5982,3
5988,1
5992,3
5995,2
5996,2
6000,3
6002,3
6004,2
6007,1
6015,1
6018,2
6024,1
6025,1
6026,3
6032,3
6036,1
6040,1
6042,1
6043,3
6060,2
6061,3
6069,3
6072,1
6075,2
6079,2
6085,3
6096,2
6097,1
6103,2
6106,2
6110,3
6112,2
6120,3
6121,1
6122,3
6123,2
6136,1
6138,2
6140,3
6143,1
6146,2
6153,3
6154,3
6156,1
6161,1
6174,2
6182,1
6190,3
6198,3
6207,3
6212,3
6217,1
6219,3
6220,2
6239,3
6245,3
6250,1
6253,3
6255,2
6262,1
6263,2
6274,2
6278,3
6283,1
6298,2
6300,2
6308,1
6309,3
6311,2
6312,2
6314,3
6320,2
6327,1
6329,3
6332,3
6340,2
6344,1
6346,2
6354,2
6355,1
6377,2
6380,3
6384,3
6389,2
6390,3
6392,1
6399,2
6403,1
6405,3
6406,1
6413,3
6417,1
6419,1
6420,1
6422,1
6424,2
6426,1
6427,3
6430,1
6439,1
6450,2
6451,2
6452,3
6466,1
6475,2
6485,1
6490,2
6491,2
6493,1
6503,2
6517,3
6528,2
6531,2
6533,3
6534,3
6537,2
6546,3
6547,3
6550,2
6552,2
6553,1
6554,1
6555,3
6563,1
6578,3
6585,3
6586,1
6590,2
6591,1
6601,3
6608,1
6614,3
6617,1
6618,2
6648,1
6656,1
6663,2
6671,1
6672,1
6674,2
6676,2
6677,2
6679,3
6693,1
6700,3
6702,3
6706,2
6713,3
6718,2
6729,3
6733,3
6742,3
6744,3
6756,2
6762,3
6764,2
6768,1
6772,1
6775,1
6778,3
6782,3
6783,3
6798,2
6799,1
6801,3
6819,1
6820,2
6826,1
6836,1
6851,3
6854,1
6856,3
6858,1
6861,1
6869,1
6871,2
6872,1
6877,3
6878,1
6881,2
6884,2
6890,1
6893,2
6896,1
6897,2
6906,3
6907,2
6926,1
6929,2
6931,3
6943,1
6952,3
6956,2
6958,3
6961,3
6967,2
6975,2
6976,1
6980,2
6987,2
6990,3
7000,3
7003,1
7008,1
7014,1
7015,1
7016,3
7020,3
7023,2
7037,1
7040,3
7041,2
7044,1
7045,2
7047,3
7048,1
7055,3
7056,3
7069,1
7076,2
7078,1
7087,3
7088,1
7090,3
7093,2
7102,1
7103,3
7107,1
7108,1
7115,1
7116,2
7121,3
7123,1
7125,3
7129,2
7131,3
7133,1
7137,2
7144,1
7154,1
7155,1
7157,3
7162,3
7163,1
7164,2
7165,2
7170,1
7177,2
7178,2
7189,2
7190,2
7198,1
7202,2
7204,1
7211,2
7213,2
7214,1
7219,1
7220,3
7224,1
7225,2
7229,3
7239,3
7240,3
7242,2
7248,1
7252,2
7258,1
7262,3
7263,1
7264,2
7265,2
7266,1
7270,2
7272,2
7274,2
7283,3
7291,1
7305,3
7306,1
7312,2
7320,3
7329,2
7341,2
7345,1
7350,2
7351,3
7353,1
7356,3
7357,3
7358,2
7364,2
7365,3
7376,3
7379,3
7384,2
7385,3
7390,2
7392,3
7399,2
7404,2
7409,1
7412,1
7414,3
7418,2
7434,2
7440,3
7441,3
7447,2
7450,1
7454,3
7460,1
7461,3
7462,3
7466,2
7469,2
7472,3
7484,3
7488,2
7490,3
7499,2
7501,3
7514,2
7518,2
7519,1
7520,1
7522,1
7524,1
7525,1
7535,3
7544,1
7547,1
7548,1
7557,3
7562,1
7564,1
7567,2
7570,3
7573,3
7574,3
7582,2
7586,2
7589,1
7590,1
7592,3
7596,2
7601,1
7607,2
7624,1
7636,3
7637,1
7639,1
7663,2
7670,1
7671,1
7673,1
7674,2
7677,1
7682,2
7690,2
7693,1
7702,3
7713,3
7716,2
7717,3
7718,2
7721,3
7727,1
7744,3
7748,3
7750,1
7757,1
7760,1
7764,3
7766,1
7769,1
7774,3
7775,2
7778,3
7796,1
7817,1
7819,3
7823,1
7840,2
7841,1
7861,3
7862,3
7865,3
7881,2
7888,1
7892,2
7894,3
7901,3
7902,2
7903,1
7906,2
7907,2
7912,3
7916,3
7921,3
7922,3
7925,3
7926,2
7935,2
7945,1
7948,1
7951,1
7953,1
7958,2
7964,1
7966,1
7967,3
7968,3
7970,1
7976,1
7977,2
7978,2
7982,3
7988,1
7990,3
7996,1
8000,1
8006,2
8008,3
8012,3
8014,3
8020,2
8030,3
8032,3
8034,3
8037,1
8047,2
8049,3
8051,2
8056,2
8062,3
8063,2
8074,1
8082,1
8085,3
8086,3
8087,3
8091,1
8095,1
8103,2
8116,2
8118,2
8129,3
8130,1
8132,1
8133,2
8141,2
8143,1
8144,1
8147,2
8156,2
8166,2
8169,3
8170,1
8171,1
8176,3
8180,2
8190,2
8191,2
8201,3
8202,1
8212,2
8214,2
8226,3
8232,1
8234,1
8239,3
8243,3
8251,2
8257,3
8268,2
8269,2
8275,3
8288,3
8294,3
8295,2
8303,2
8309,1
8312,1
8318,2
8320,2
8322,2
8325,3
8326,2
8330,2
8339,2
8345,1
8348,3
8356,2
8367,2
8378,1
8381,3
8397,1
8399,2
8401,3
8410,2
8424,2
8428,2
8429,3
8444,1
8452,2
8460,1
8461,2
8474,1
8477,2
8478,3
8480,2
8483,1
8484,1
8485,3
8487,3
8489,2
8496,1
8501,3
8504,3
8507,2
8519,3
8525,2
8527,2
8528,1
8532,2
8541,2
8550,2
8559,3
8566,3
8572,3
8574,3
8575,3
8593,2
8594,1
8595,1
8599,2
8603,2
8605,3
8607,1
8614,1
8618,3
8623,3
8627,2
8633,2
8644,3
8647,3
8653,2
8660,2
8666,1
8669,3
8672,3
8673,2
8678,2
8681,2
8682,2
8687,1
8696,1
8700,3
8703,3
8707,1
8712,1
8714,1
8719,3
8721,1
8722,2
8726,3
8737,2
8738,3
8739,3
8744,2
8755,1
8756,1
8777,3
8788,2
8789,3
8796,3
8799,3
8801,1
8806,3
8811,1
8816,3
8819,2
8820,2
8830,1
8834,2
8835,3
8836,1
8841,1
8846,2
8854,1
8862,3
8881,2
8883,3
8884,3
8885,1
8894,3
8897,2
8924,1
8926,3
8928,1
8946,2
8949,2
8953,2
8956,2
8959,3
8960,2
8961,2
8964,3
8966,3
8969,2
8970,3
8971,3
8972,1
8974,2
8978,2
8979,2
8984,3
8993,2
8997,1
9002,1
9003,3
9010,1
9013,2
9018,3
9020,2
9022,1
9025,1
9037,3
9041,3
9043,1
9048,2
9056,2
9070,1
9081,2
9087,2
9103,3
9108,2
9113,1
9120,1
9128,2
9129,3
9142,2
9144,2
9145,3
9149,1
9153,1
9154,1
9155,2
9160,2
9170,1
9175,2
9177,3
9183,3
9187,1
9193,3
9203,1
9208,2
9212,2
9216,1
9217,3
9219,3
9233,2
9235,2
9237,1
9245,2
9247,2
9248,3
9250,2
9254,1
9259,3
9260,2
9261,1
9264,2
9268,3
9270,1
9271,2
9272,3
9277,3
9280,3
9285,2
9292,1
9295,2
9298,3
9303,1
9306,1
9308,3
9311,2
9317,2
9321,2
9322,2
9323,1
9334,1
9336,3
9345,1
9350,1
9354,2
9358,2
9374,3
9384,3
9387,1
9389,3
9396,1
9397,3
9418,3
9423,2
9426,3
9433,1
9438,2
9448,3
9451,1
9463,2
9467,1
9475,2
9477,2
9481,3
9485,3
9486,2
9501,3
9506,1
9516,3
9518,2
9524,1
9525,1
9537,3
9545,3
9554,2
9562,2
9564,2
9577,2
9582,1
9586,1
9591,1
9597,3
9614,2
9615,1
9616,2
9623,3
9627,3
9630,2
9631,1
9633,1
9634,2
9642,3
9648,2
9655,2
9658,3
9671,2
9676,1
9677,2
9680,2
9692,3
9693,2
9702,3
9709,2
9712,2
9713,3
9714,3
9725,3
9726,1
9733,2
9740,3
9747,3
9754,3
9759,2
9761,2
9771,3
9776,1
9777,2
9780,1
9781,1
9789,2
9793,3
9797,2
9801,2
9802,1
9805,2
9807,1
9808,2
9812,2
9814,3
9816,2
9818,2
9828,3
9831,3
9845,3
9862,1
9863,2
9871,3
9875,2
9876,3
9879,2
9882,1
9883,1
9891,3
9892,2
9895,1
9896,3
9898,2
9905,3
9907,3
9917,1
9918,2
9923,1
9925,3
9927,1
9931,3
9932,2
9934,2
9935,1
9942,2
9945,3
9951,3
9957,2
9960,1
9967,2
9968,2
9969,3
9982,1
9984,1
9989,3
9993,3
9995,2
10001,2
10005,2
10021,3
10022,1
10025,1
10037,3
10044,1
10047,3
10052,3
10058,2
10071,1
10074,3
10075,1
10080,2
10081,3
10086,3
10088,3
10093,1
10099,3
10102,2
10104,1
10106,1
10107,2
10121,3
10125,1
10126,2
10128,3
10130,2
10132,2
10143,3
10148,3
10153,1
10163,2
10164,2
10174,2
10175,3
10178,3
10179,3
10181,2
10190,1
10201,2
10203,1
10207,2
10212,2
10216,2
10219,2
10222,2
10223,3
10231,1
10232,3
10233,3
10258,3
10260,3
10262,3
10271,3
10287,3
10289,2
10291,2
10292,1
10303,3
10305,3
10312,3
10313,3
10314,1
10315,2
10327,3
10329,3
10332,2
10336,1
10337,3
10348,1
10351,3
10353,2
10367,1
10368,3
10384,3
10386,3
10403,2
10404,2
10420,2
10423,2
10427,3
10440,2
10443,1
10449,3
10452,3
10453,1
10454,2
10455,2
10479,2
10489,1
10492,2
10496,2
10502,2
10503,2
10504,1
10511,1
10517,3
10518,1
10522,1
10526,3
10530,1
10534,3
10535,2
10537,1
10539,3
10547,2
10550,1
10555,1
10566,3
10568,3
10582,3
10583,1
10585,3
10595,3
10598,1
10599,3
10604,2
10605,2
10612,3
10616,2
10619,3
10621,1
10626,3
10636,3
10640,3
10642,3
10647,3
10651,1
10653,2
10656,2
10663,2
10664,2
10665,3
10675,1
10678,3
10681,2
10682,3
10684,2
10697,3
10705,3
10709,1
10717,1
10725,3
10726,1
10729,1
10730,2
10735,1
10738,1
10739,1
10740,2
10743,2
10749,3
10750,1
10751,3
10760,3
10762,1
10763,1
10775,2
10782,2
10785,3
10793,3
10800,1
10807,3
10813,2
10815,3
10820,3
10823,1
10826,3
10827,1
10828,3
10830,1
10844,2
10846,2
10853,1
10862,2
10865,3
10870,3
10873,1
10874,3
10878,3
10886,3
10889,1
10890,1
10904,3
10915,3
10922,3
10932,1
10939,2
10941,3
10945,2
10951,3
10960,3
10963,1
10964,3
10969,1
10971,1
10985,3
10986,1
10989,1
10993,1
10994,2
11007,1
11010,2
11011,1
11019,1
11022,1
11036,1
11038,1
11042,2
11048,3
11051,2
11062,2
11065,1
11066,3
11068,2
11073,1
11074,2
11075,2
11080,1
11092,2
11095,3
11096,2
11097,2
11098,3
11100,2
11123,2
11124,2
11126,2
11132,1
11141,3
11143,3
11152,3
11158,1
11164,1
11165,3
11168,3
11169,1
11171,3
11180,2
11184,1
11189,2
11197,1
11200,3
11208,2
11210,3
11211,1
11217,2
11219,1
11220,1
11225,3
11236,1
11246,1
11249,2
11253,3
11256,3
11268,2
11273,1
11289,1
11291,2
11302,3
11313,3
11331,3
11338,1
11343,1
11354,2
11367,2
11376,1
11388,2
11400,3
11405,3
11407,3
11414,1
11415,3
11419,2
11427,3
11431,1
11432,1
11433,1
11446,3
11452,2
11454,2
11455,1
11470,1
11471,2
11478,1
11483,3
11485,1
11487,1
11491,1
11492,1
11498,3
11502,3
11505,1
11510,3
11521,1
11530,2
11534,3
11536,1
11537,1
11539,1
11542,2
11546,1
11550,1
11551,2
11552,3
11556,3
11558,1
11565,1
11575,2
11578,2
11587,3
11590,1
11610,1
11638,1
11648,1
11651,2
11662,3
11666,3
11670,2
11676,2
11687,1
11696,3
11703,1
11706,2
11712,1
11721,3
11726,2
11727,1
11735,2
11737,2
11738,2
11741,1
11746,1
11750,1
11752,2
11753,1
11757,3
11764,1
11765,2
11768,1
11770,3
11779,2
11780,2
11782,3
11786,3
11801,1
11806,2
11811,3
11812,1
11814,2
11819,2
11832,2
11833,3
11835,1
11837,2
11838,1
11843,3
11844,3
11847,3
11851,2
11854,1
11857,1
11858,3
11864,2
11877,1
11887,1
11896,1
11902,3
11905,1
11907,1
11912,2
11914,1
11915,3
11920,3
11923,1
11944,3
11953,1
11958,2
11974,1
11982,2
11998,1
12002,2
12008,3
12010,3
12016,3
12020,3
12023,1
12024,2
12027,1
12028,1
12044,3
12045,3
12067,2
12072,2
12079,2
12080,1
12087,1
12093,1
12094,3
12095,1
12097,2
12102,2
12111,2
12114,3
12122,2
12139,3
12144,1
12145,2
12154,2
12160,3
12162,3
12163,2
12164,2
12175,3
12184,3
12186,1
12192,2
12193,2
12199,1
12202,2
12203,3
12210,1
12217,3
12219,1
12220,3
12223,3
12245,1
12252,2
12254,3
12274,2
12275,1
12283,2
12284,1
12285,3
12293,1
12312,1
12316,2
12323,1
12328,1
12333,1
12337,2
12339,3
12345,3
12358,1
12359,1
12364,3
12372,3
12387,2
12391,1
12403,1
12408,1
12409,1
12417,3
12420,2
12426,2
12452,2
12455,3
12457,1
12458,2
12465,1
12470,3
12477,1
12479,1
12482,1
12484,1
12490,2
12500,1
12509,2
12511,2
12513,3
12514,1
12521,1
12529,3
12536,1
12539,3
12541,3
12548,2
12550,3
12558,2
12561,2
12562,3
12564,3
12566,2
12573,3
12575,2
12584,1
12596,2
12598,3
12602,1
12614,3
12618,1
12619,1
12624,1
12627,2
12632,1
12633,2
12659,3
12663,2
12665,3
12666,2
12668,3
12671,3
12673,2
12676,2
12680,1
12681,1
12682,3
12691,1
12693,2
12700,1
12714,1
12717,2
12723,3
12727,3
12729,2
12738,1
12741,2
12743,1
12745,2
12757,2
12759,2
12764,3
12770,3
12774,3
12776,1
12779,1
12784,3
12789,3
12791,2
12793,1
12795,1
12803,1
12810,1
12813,1
12818,1
12819,3
12826,3
12830,3
12833,1
12834,2
12838,1
12841,2
12842,3
12845,3
12849,1
12850,3
12857,2
12862,1
12864,1
12870,1
12874,3
12876,2
12882,3
12887,1
12889,3
12890,1
12891,3
12898,2
12900,1
12901,2
12902,2
12906,3
12910,2
12919,3
12924,1
12932,3
12934,2
12937,1
12940,3
12951,2
12954,3
12958,1
12969,2
12972,3
12973,1
12974,3
12976,2
12980,2
12981,2
12984,3
12985,2
13000,1
13001,1
13010,2
13016,1
13017,3
13020,1
13021,1
13025,2
13026,2
13029,1
13033,2
13035,2
13040,3
13062,3
13063,2
13067,1
13071,3
13080,2
13082,1
13086,1
13089,1
13091,3
13093,1
13096,1
13098,1
13099,3
13100,1
13101,1
13104,2
13107,1
13114,3
13115,1
13126,2
13143,2
13144,1
13145,3
13153,1
13155,3
13160,3
13165,2
13176,1
13177,3
13179,3
13186,3
13193,3
13195,1
13196,2
13197,3
13198,1
13202,1
13212,2
13214,2
13215,1
13218,2
13220,3
13229,3
13233,2
13254,3
13256,1
13266,2
13270,2
13271,3
13273,2
13274,3
13278,3
13290,2
13294,2
13302,2
13307,1
13309,2
13326,2
13327,2
13328,3
13329,3
13330,2
13335,2
13344,2
13352,2
13366,1
13367,2
13378,2
13382,3
13388,1
13389,1
13391,3
13395,2
13397,1
13398,3
13400,3
13401,2
13402,2
13406,2
13409,2
13413,3
13419,1
13424,3
13425,3
13429,1
13435,3
13444,3
13447,2
13448,2
13457,1
13463,3
13470,2
13472,2
13483,1
13487,1
13499,2
13508,3
13509,2
13518,2
13519,1
13521,2
13527,2
13531,1
13547,3
13562,3
13565,3
13572,3
13578,3
13583,3
13588,1
13617,3
13619,1
13620,3
13628,1
13630,1
13633,1
13640,3
13641,1
13654,2
13660,1
13662,3
13663,3
13669,3
13670,3
13671,2
13678,2
13683,2
13686,2
13692,1
13698,2
13701,1
13706,3
13707,1
13710,1
13716,3
13717,2
13719,2
13727,3
13730,3
13737,2
13740,3
13748,2
13752,2
13753,2
13756,3
13765,2
13777,3
13788,2
13793,3
13799,2
13808,2
13823,1
13826,3
13827,2
13837,2
13839,1
13846,1
13850,3
13851,2
13854,1
13869,2
13875,2
13886,3
13895,2
13897,1
13898,1
13904,3
13907,1
13908,2
13915,2
13926,3
13928,1
13932,3
13936,2
13939,3
13957,2
13958,2
13964,3
13966,2
13973,1
13974,2
13981,1
13983,1
13996,3
13998,2
14005,1
14006,3
14022,3
14026,1
14032,1
14042,2
14048,1
14057,1
14059,3
14063,2
14064,3
14074,3
14077,3
14078,2
14080,2
14082,1
14091,1
14094,3
14101,1
14103,1
14123,3
14135,2
14140,3
14148,1
14159,3
14165,3
14180,1
14182,1
14188,1
14190,1
14191,3
14194,2
14195,1
14196,1
14215,2
14220,3
14228,1
14235,2
14237,1
14239,1
14240,1
14244,1
14246,3
14249,2
14250,1
14254,2
14258,1
14263,3
14264,3
14265,1
14267,1
14269,3
14274,2
14276,3
14294,1
14295,3
14296,2
14297,1
14304,2
14309,2
14314,1
14324,3
14328,1
14333,3
14334,3
14344,1
14345,2
14346,3
14347,2
14354,1
14363,1
14379,3
14381,2
14388,3
14389,2
14411,1
14414,3
14418,2
14427,1
14436,3
14444,3
14447,3
14449,3
14456,3
14460,3
14466,2
14472,2
14473,2
14474,1
14480,2
14484,1
14486,2
14487,1
14490,2
14492,2
14508,1
14511,3
14517,1
14518,2
14523,1
14524,2
14531,3
14533,3
14549,1
14553,1
14555,2
14556,2
14558,2
14563,1
14567,1
14572,1
14574,2
14575,1
14596,3
14598,2
14600,1
14606,2
14613,1
14614,1
14618,1
14625,2
14626,1
14630,2
14631,3
14634,1
14644,2
14651,1
14661,1
14663,3
14674,3
14681,2
14682,2
14683,2
14687,1
14692,2
14698,1
14699,2
14704,1
14706,3
14708,1
14712,3
14714,2
14716,1
14721,2
14735,3
14751,1
14762,1
14765,3
14769,2
14775,3
14778,1
14787,3
14789,3
14794,3
14797,3
14799,1
14801,3
14802,1
14803,2
14805,2
14806,2
14814,2
14816,2
14819,3
14822,1
14826,2
14840,1
14841,2
14845,3
14848,3
14852,2
14862,3
14868,3
14872,3
14873,3
14875,3
14876,1
14878,2
14884,3
14886,1
14903,1
14912,3
14918,2
14929,2
14930,1
14952,2
14959,1
14962,3
14966,2
14970,2
14982,2
14986,1
14987,2
15007,3
15016,1
15025,2
15033,2
15035,1
15036,1
15048,2
15051,1
15057,3
15064,2
15070,2
15095,1
15098,1
15111,3
15117,2
15120,3
15123,3
15131,3
15132,2
15144,2
15145,3
15147,3
15154,3
15155,2
15156,2
15157,1
15161,3
15168,3
15170,3
15178,2
15201,3
15203,2
15214,2
15216,1
15218,1
15220,1
15230,3
15236,1
15239,1
15259,1
15262,3
15266,1
15274,3
15285,3
15287,1
15290,2
15300,3
15307,3
15309,3
15327,3
15329,2
15331,3
15334,3
15336,3
15340,1
15346,1
15350,2
15360,1
15369,2
15371,2
15374,2
15376,3
15384,2
15385,3
15387,1
15389,3
15398,2
15406,3
15407,1
15410,3
15414,3
15418,1
15422,3
15425,1
15433,1
15439,3
15454,1
15457,2
15465,3
15481,1
15482,1
15490,2
15496,1
15499,3
15500,2
15506,1
15523,3
15526,2
15545,3
15560,2
15570,3
15580,1
15583,3
15586,3
15593,1
15595,3
15606,1
